"_id"	quoteId	status	totalWeight.amount	natureOfGoods	station.code	origin.code	destination.code	account.accountNumber
59b74fc6600ad41886ca1c7f	Q4945	DRAFT	100000	consol	LUX	LUX	LAX	4091522
59b7759c52ac17f3fe18d810	Q4946	SENT_FOR_ACCEPTANCE	100000		LUX	LUX	SIN	4091522
59b77814600ad41886ca1c82	Q4947	DRAFT	100000	CONSOL	LUX	LUX	LAX	4091522
59b7799f600ad41886ca1c83	Q4948	DRAFT	100000		LUX	LUX	LAX	4091522
59b77bd252ac17f3fe18d811	Q4949	DRAFT	120000	consol	LUX	LUX	LAX	4091522
59b77ebf600ad41886ca1c85	Q4950	SENT_FOR_ACCEPTANCE	111000		LUX	LUX	LAX	4091522
59b77f37600ad41886ca1c86	Q4951	DRAFT	100000	consl	LUX	LUX	LAX	4091522
59b77fda52ac17f3fe18d813	Q4952	DRAFT	100000	consol	LUX	LUX	LAX	4091522
59b78091600ad41886ca1c87	Q4953	DRAFT	100000	consol	LUX	LUX	LAX	4091522
59b782d652ac17f3fe18d814	Q4954	WAITING_FOR_ACCEPTANCE	150000		LUX	LUX	LAX	ABC
59b7840152ac17f3fe18d815	Q4955	WAITING_FOR_ACCEPTANCE	150000		LUX	LUX	LAX	ABC
59b78753600ad41886ca1c92	Q4956	CLOSED	228000	qts-1555	LUX	LUX	SIN	4091522
59b78acd600ad41886ca1c93	Q4957	ACCEPTED	100000	consol	LUX	LUX	LAX	4091522
59b78edb600ad41886ca1c94	Q4958	SENT_FOR_ACCEPTANCE	110000		LUX	AMS	LAX	4091522
59b78fc052ac17f3fe18d818	Q4959	SENT_FOR_ACCEPTANCE	111000		LUX	AMS	LAX	4091522
59b7906a52ac17f3fe18d819	Q4960	SENT_FOR_ACCEPTANCE	122000		LUX	LUX	SIN	4091522
59b7909b600ad41886ca1c96	Q4961	CLOSED	122000		LUX	LUX	SIN	4091522
59b79141600ad41886ca1c97	Q4962	SENT_FOR_ACCEPTANCE	122000		LUX	LUX	SIN	4091522
59b792f252ac17f3fe18d81b	Q4963	ACCEPTED	122000	same curr for option quote and charges	LUX	LUX	LAX	4091522
59b796b0ee57370f0881d108	Q4964	WAITING_FOR_REVIEW	200000		LUX	AMS	LAX	ABC
59b797db52ac17f3fe18d81c	Q4965	ACCEPTED	120000		LUX	LUX	LAX	4091522
59b79b0852ac17f3fe18d81d	Q4966	DRAFT	560000		LUX	LUX	HKG	4091522
59b79d6852ac17f3fe18d81e	Q4967	DRAFT	110000		LUX	LUX	SIN	4091522
59b79def600ad41886ca1c9c	Q4968	SENT_FOR_ACCEPTANCE	1110000		LUX	LUX	SIN	4091522
59b7a08652ac17f3fe18d81f	Q4969	SENT_FOR_ACCEPTANCE	1000000		LUX	LUX	SIN	4091522
59b7a18552ac17f3fe18d821	Q4970	DRAFT	21000		LUX	LUX	SIN	4091522
59b7a1a352ac17f3fe18d822	Q4971	ACCEPTED	120000		LUX	LUX	LAX	4091522
59b7a23052ac17f3fe18d823	Q4972	DRAFT	120000		LUX	LUX	SIN	4091522
59b7a28852ac17f3fe18d824	Q4973	WAITING_FOR_ACCEPTANCE	4228000		LUX	LUX	SIN	4091522
59b7a37a52ac17f3fe18d827	Q4974	DRAFT	1110000		LUX	LUX	SIN	4091522
59b7a462600ad41886ca1c9e	Q4975	DRAFT	100000		LUX	LUX	LAX	4091522
59b7a4a9600ad41886ca1c9f	Q4976	WAITING_FOR_ACCEPTANCE	444000		LUX	LUX	LAX	4091522
59b7a5ec52ac17f3fe18d829	Q4977	SENT_FOR_ACCEPTANCE	100000		LUX	LUX	SIN	4091522
59b7a65a52ac17f3fe18d82b	Q4978	SENT_FOR_ACCEPTANCE	1000000		LUX	LUX	SIN	4091522
59b7a6a452ac17f3fe18d82c	Q4979	SENT_FOR_ACCEPTANCE	1000000		LUX	LUX	SIN	4091522
59b7a6d0600ad41886ca1ca1	Q4980	DRAFT	879000		LUX	LUX	SIN	4091522
59b7a75b600ad41886ca1ca2	Q4981	DRAFT	450000		LUX	LUX	VCP	4091522
59b7a7db52ac17f3fe18d82d	Q4982	DRAFT	100000		LUX	LUX	VCP	4091522
59b7a873600ad41886ca1ca3	Q4983	DRAFT	100000		LUX	LUX	VCP	4091522
59b7a889600ad41886ca1ca4	Q4984	DRAFT	350000	"QTS-1555 "	LUX	LUX	LAX	4091522
59b7a98e52ac17f3fe18d82e	Q4985	DRAFT	100000		LUX	LUX	VCP	4091522
59b7aa0b600ad46c9d9a50b2	Q4986	DRAFT	150000		LUX	LUX	LAX	AKL
59b7aa2c600ad46c9d9a50b3	Q4987	DRAFT	150000		LUX	LUX	LAX	AKL
59b7aa2e600ad46c9d9a50b4	Q4988	DRAFT	120000		LUX	LUX	LAX	4091522
59b7aa8352ac17488b668985	Q4989	DRAFT	100000		LUX	LUX	VCP	4091522
59b7ab4752ac17488b668986	Q4990	DRAFT	100000		LUX	LUX	VCP	4091522
59b7ab9752ac17488b668987	Q4991	SENT_FOR_ACCEPTANCE	100000		LUX	LAX	SIN	4091522
59b7abbb600ad46c9d9a50b6	Q4992	DRAFT	100000		LUX	LUX	LAX	4091522
59b7abfc600ad46c9d9a50b7	Q4993	SENT_FOR_ACCEPTANCE	100000		LUX	LUX	SIN	4091522
59b7acfc52ac17488b66898b	Q4994	DRAFT	100000		LUX	LUX	LAX	4091522
59b7ad3452ac17488b66898c	Q4995	DRAFT	1000		LUX	LUX	LAX	4091522
59b7b0a552ac17488b668990	Q4996	DRAFT	100000		LUX	LUX	LAX	91472320015
59b7b0e8600ad46c9d9a50ba	Q4997	SENT_FOR_ACCEPTANCE	444000		LUX	LUX	LAX	4091522
59b7b18952ac17488b668991	Q4998	SENT_FOR_ACCEPTANCE	444000		LUX	LUX	LAX	4091522
59b7b4b352ac17488b668993	Q4999	DRAFT	100000		LUX	LUX	LAX	ABC
59b7c77a600ad4a46248d898	Q5000	SENT_FOR_ACCEPTANCE	350000	QTS-1555 V2	LUX	LUX	LAX	4091522
59b7c788600ad4a46248d899	Q5001	DRAFT	100000		LUX	LUX	LAX	4091522
59b7c857600ad4a46248d89a	Q5002	DRAFT	1100000		LUX	LUX	SIN	4091522
59b7c8a7600ad4a46248d89b	Q5003	SENT_FOR_ACCEPTANCE	1100000		LUX	LUX	SIN	4091522
59b7c9ac52ac17806035932c	Q5004	SENT_FOR_ACCEPTANCE	1100000		LUX	LUX	SIN	4091522
59b7ca0252ac17806035932d	Q5005	SENT_FOR_ACCEPTANCE	100000		LUX	LUX	SIN	4091522
59b7caee52ac17806035932f	Q5006	SENT_FOR_ACCEPTANCE	1100000		LUX	LUX	SIN	4091522
59b7cbbb52ac178060359332	Q5007	DRAFT	100000		LUX	LUX	SIN	4091522
59b7cc6652ac178060359333	Q5008	DRAFT	4111000		LUX	LUX	SIN	4091522
59b7ce98600ad4a46248d89e	Q5009	DRAFT	1100000		LUX	LUX	SIN	4091522
59b7cef352ac178060359335	Q5010	SENT_FOR_ACCEPTANCE	100000		LUX	LUX	LAX	4091522
59b7cf1e52ac178060359336	Q5011	SENT_FOR_ACCEPTANCE	100000		LUX	LUX	VCP	4091522
59b7cf2b600ad4a46248d8a1	Q5012	SENT_FOR_ACCEPTANCE	100000		LUX	LUX	LAX	4091522
59b7cf6952ac178060359338	Q5013	SENT_FOR_ACCEPTANCE	100000		LUX	LUX	LAX	4091522
59b7cfe252ac17806035933a	Q5014	DRAFT	100000		LUX	LUX	LAX	4091522
59b7d01b600ad4a46248d8a2	Q5015	SENT_FOR_ACCEPTANCE	1100000		LUX	LUX	VCP	4091522
59b7d040600ad4a46248d8a3	Q5016	SENT_FOR_ACCEPTANCE	1100000		LUX	LUX	SIN	4091522
59b7d0b6600ad4a46248d8a5	Q5017	DRAFT	100000		LUX	LUX	VCP	4091522
59b7d2e052ac17806035933c	Q5018	SENT_FOR_ACCEPTANCE	1000000		LUX	LUX	VCP	4091522
59b7d4ce52ac17806035933d	Q5019	SENT_FOR_ACCEPTANCE	100000		LUX	LUX	VCP	4091522
59b7d51852ac17806035933e	Q5020	DRAFT	1250000		LUX	LUX	LAX	4091522
59b7d5b8600ad4a46248d8a7	Q5021	SENT_FOR_ACCEPTANCE	100000	consol	LUX	LUX	LAX	4091522
59b7d5cd52ac178060359340	Q5022	DRAFT	100000		LUX	LUX	VCP	4091522
59b7d66e600ad4a46248d8a9	Q5023	SENT_FOR_ACCEPTANCE	5100000		LUX	LUX	VCP	4091522
59b7d685600ad4a46248d8aa	Q5024	DRAFT	145000		LUX	LUX	SIN	4091522
59b7d6cd52ac178060359341	Q5025	SENT_FOR_ACCEPTANCE	1100000		LUX	LUX	SIN	4091522
59b7d756600ad4a46248d8ab	Q5026	SENT_FOR_ACCEPTANCE	4587000		LUX	LUX	SIN	4091522
59b7da0252ac178060359346	Q5027	SENT_FOR_ACCEPTANCE	120000		LUX	LUX	LAX	4091522
59b7dfb4600ad4a46248d8b0	Q5028	DRAFT	1100000		LUX	LUX	SIN	4091522
59b7e258600ad4a46248d8b2	Q5029	SENT_FOR_ACCEPTANCE	1535000		LUX	LUX	SIN	4091522
59b7e29f600ad4a46248d8b3	Q5030	WAITING_FOR_ACCEPTANCE	100000		LUX	LUX	LAX	4091522
59b7e416600ad4a46248d8b5	Q5031	DRAFT	100000	consol	LUX	LUX	LAX	4091522
59b7e5b152ac178060359349	Q5032	DRAFT	1535000		LUX	LUX	SIN	4091522
59b7f2ee600ad4cec75e8094	Q5033	SENT_FOR_ACCEPTANCE	100000		LUX	LUX	LAX	4091522
59b7f3d7600ad4cec75e8095	Q5034	NEW	150000		LUX	LUX	LAX	ABC
59b7f944600ad4e17a86cf98	Q5035	DRAFT	150000		LUX	LUX	LAX	4091522
59b8017f52ac17bb98a448a3	Q5036	DRAFT	150000	consol	LUX	LUX	LAX	4091522
59b801ed52ac17bb98a448a4	Q5037	DRAFT	150000		LUX	LUX	LAX	4091522
59b830c052ac17bb98a448a5	Q5038	DRAFT	200000	consol	LUX	LUX	LAX	4091522
59b8865c52ac17bb98a448a6	Q5039	DRAFT	100000	consol	LUX	LUX	LAX	4091522
59b892d9600ad4e17a86cf9b	Q5040	DRAFT	350000	QTS-1555 V2	LUX	LUX	LAX	4091522
59b8a05652ac17bb98a448a7	Q5041	ACCEPTED	350000	qts-1560	LUX	LUX	LAX	4091522
59b8a539600ad4e17a86cf9d	Q5042	ACCEPTED	350000	qts-1560	LUX	LUX	LAX	4091522
59b8c5e2600ad4e17a86cfa1	Q5043	ACCEPTED	150000	Test-1548	LUX	LUX	SIN	4091522
59b8d470600ad4e17a86cfa3	Q5044	ACCEPTED	249000	Test-1549	LUX	LUX	SIN	4091522
59b8ed3e52ac17682dbc681b	Q5045	WAITING_FOR_ACCEPTANCE	1500000		LUX	LUX	LAX	4091522
59b8ee77600ad491c3eaf992	Q5046	ACCEPTED	2500000		LUX	LUX	VCP	4091522
59b8f24952ac17682dbc681d	Q5047	DRAFT	100000		LUX	LUX	SIN	4091522
59b8f2aa600ad491c3eaf994	Q5048	SENT_FOR_ACCEPTANCE	100000		LUX	LUX	SIN	4091522
59b8f31b600ad491c3eaf995	Q5049	ACCEPTED	2500000		LUX	LUX	VCP	4091522
59b8f3a952ac17682dbc681f	Q5050	CLOSED	100000		LUX	LUX	SIN	4091522
59b8f4e6600ad491c3eaf996	Q5051	WAITING_FOR_ACCEPTANCE	1500000	corrected draft	LUX	LUX	LAX	4091522
59b8f53152ac17682dbc6820	Q5052	CORRECTED_DRAFT	100000		LUX	LUX	SIN	4091522
59b8f723600ad491c3eaf998	Q5053	WAITING_FOR_REVIEW	100000		LUX	LUX	SIN	4091522
59b8f80d600ad491c3eaf999	Q5054	DRAFT	2500000		LUX	FRA	VCP	4091522
59b8fdf6600ad491c3eaf99a	Q5055	DRAFT	1000000		LUX	LUX	VCP	4091522
59b903e652ac17682dbc6822	Q5056	CLOSED	1500000	corrected draft	LUX	LUX	LAX	4091522
59b9040d600ad491c3eaf99c	Q5057	REFUSED	1500000	corrected draft	LUX	LUX	LAX	4091522
59b904df600ad491c3eaf99e	Q5058	REFUSED	2500000		LUX	LUX	VCP	4091522
59b9054a600ad491c3eaf99f	Q5059	ACCEPTED	350000		LUX	LUX	LAX	4091522
59b9146a600ad491c3eaf9a0	Q5060	WAITING_FOR_ACCEPTANCE	15000	consol	LUX	LUX	LAX	4091522
59b916ed52ac17682dbc6827	Q5061	ACCEPTED	229000	Test-1551	LUX	LUX	SIN	4091522
59b924b3600ad42e00425bc4	Q5062	ACCEPTED	350000	Test-1552	LUX	LUX	SIN	4091522
59b92b3e600ad42e00425bc5	Q5063	DRAFT	100000	consol	LUX	LUX	LAX	4091522
59b92e0c600ad42e00425bc6	Q5064	DRAFT	100000		LUX	LUX	LAX	4091522
59b9824952ac17b4a82eb1d6	Q5065	DRAFT	200000	consol	LUX	LUX	LAX	4091522
59b9e207600ad42e00425bcc	Q5066	DRAFT	100000	consol	LUX	LUX	LAX	4091522
59b9e45a52ac17b4a82eb1d8	Q5067	DRAFT	100000	consol	LUX	LUX	LAX	4091522
59b9e9cb600ad42e00425bcf	Q5068	DRAFT	100000	consol	LUX	LUX	LAX	4091522
59b9ea8952ac17b4a82eb1da	Q5069	DRAFT	100000	consol	LUX	LUX	LAX	4091522
59b9eb5a52ac17b4a82eb1db	Q5070	SENT_FOR_ACCEPTANCE	100000	consol	LUX	LUX	LAX	4091522
59b9ecfd600ad42e00425bd0	Q5071	REJECTED	100000	consol	LUX	LUX	LAX	4091522
59b9edb652ac17b4a82eb1dd	Q5072	REJECTED	100000	consol	LUX	LUX	LAX	4091522
59b9ee6a600ad42e00425bd1	Q5073	SENT_FOR_ACCEPTANCE	100000	consol	LUX	LUX	LAX	4091522
59b9ef56600ad42e00425bd3	Q5074	DRAFT	100000	consol	LUX	LUX	LAX	4091522
59b9efb852ac17b4a82eb1de	Q5075	SENT_FOR_ACCEPTANCE	100000	consol	LUX	LUX	LAX	4091522
59b9f0e8600ad42e00425bd4	Q5076	DRAFT	100000	consol	LUX	LUX	LAX	4091522
59b9f12f52ac17b4a82eb1e0	Q5077	WAITING_FOR_ACCEPTANCE	350000	qts-1564 ec2	LUX	LUX	LAX	4091522
59b9f14a52ac17b4a82eb1e1	Q5078	DRAFT	100000	consol	LUX	LUX	LAX	4091522
59b9f64952ac17b4a82eb1e3	Q5079	DRAFT	100000	consol	LUX	LUX	LAX	4091522
59b9f6ad600ad42e00425bd5	Q5080	DRAFT	100000	consol	LUX	LUX	LAX	4091522
59b9f74452ac17b4a82eb1e4	Q5081	DRAFT	100000	consol	LUX	LUX	LAX	4091522
59b9f7ab600ad42e00425bd6	Q5082	DRAFT	100000	consol	LUX	LUX	LAX	4091522
59b9f84d600ad42e00425bd7	Q5083	DRAFT	100000	consol	LUX	LUX	LAX	4091522
59ba00b9600ad42e00425bd8	Q5084	DRAFT	100000	consol	LUX	LUX	LAX	4091522
59ba00f952ac17b4a82eb1e5	Q5085	DRAFT	100000	consol	LUX	LUX	LAX	4091522
59ba017252ac17b4a82eb1e6	Q5086	DRAFT	100000	consol	LUX	LUX	LAX	4091522
59ba01fa600ad42e00425bd9	Q5087	DRAFT	100000	consol	LUX	LUX	LAX	4091522
59ba024952ac17b4a82eb1e7	Q5088	REJECTED	100000	consol	LUX	LUX	LAX	4091522
59ba0741600ad42e00425bda	Q5089	DRAFT	150000		LUX	LUX	LAX	4091522
59ba0af2600ad42e00425bdb	Q5090	REFUSED	508000	Test-1553	LUX	LUX	SIN	4091522
59ba0b8752ac17b4a82eb1e8	Q5091	DRAFT	100000	consol	LUX	LUX	LAX	4091522
59ba0bc7600ad42e00425bdc	Q5092	DRAFT	100000	consol	LUX	LUX	LAX	4091522
59ba0f2752ac17b4a82eb1ea	Q5093	ACCEPTED	509000	Test-1553	LUX	LUX	SIN	4091522
59ba136c52ac17b4a82eb1eb	Q5094	ACCEPTED	404000	Test-1553	LUX	LUX	SIN	4091522
59ba13bc600ad42e00425bde	Q5095	ACCEPTED	350000	qts-1564 ec2	LUX	LUX	LAX	4091522
59ba154f52ac17b4a82eb1ee	Q5096	ACCEPTED	355000	Test-1553	LUX	LUX	SIN	4091522
59ba195252ac17b4a82eb1f0	Q5097	DRAFT	100000		LUX	LUX	SIN	4091522
59ba19a3600ad42e00425bdf	Q5098	WAITING_FOR_REVIEW	100000		LUX	LUX	SIN	4091522
59ba19e4600ad42e00425be0	Q5099	SENT_FOR_ACCEPTANCE	100000		LUX	LUX	SIN	4091522
59ba1bba52ac17b4a82eb1f2	Q5100	REJECTED	100000		LUX	LUX	SIN	4091522
59ba1c3652ac17b4a82eb1f3	Q5101	CORRECTED_DRAFT	100000		LUX	LUX	SIN	4091522
59ba1c7f52ac17b4a82eb1f4	Q5102	ACCEPTED	112000		LUX	LUX	SIN	4091522
59ba1d7e52ac17b4a82eb1f7	Q5103	ACCEPTED	321000	Test-1554	LUX	LUX	SIN	4091522
59ba1dc052ac17b4a82eb1f8	Q5104	DRAFT	100000	consol	LUX	LUX	LAX	4091522
59ba1ddc600ad42e00425be2	Q5105	WAITING_FOR_ACCEPTANCE	100000		LUX	LUX	SIN	4091522
59ba1f5c52ac17b4a82eb1f9	Q5106	DRAFT	100000	consol	LUX	LUX	LAX	4091522
59ba20aa600ad42e00425be4	Q5107	REFUSED	100000		LUX	LUX	SIN	4091522
59ba218452ac17b4a82eb1fb	Q5108	DRAFT	150000	consol	LUX	LUX	LAX	4091522
59ba22fd600ad42e00425be5	Q5109	DRAFT	100000	consol	LUX	LUX	LAX	4091522
59ba2368600ad42e00425be6	Q5110	DRAFT	100000	consol	LUX	LUX	LAX	4091522
59ba241a600ad42e00425be8	Q5111	DRAFT	100000	consol	LUX	LUX	LAX	4091522
59ba2467600ad42e00425be9	Q5112	DRAFT	100000	consol	LUX	LUX	LAX	4091522
59ba24a952ac17b4a82eb1fe	Q5113	SENT_FOR_ACCEPTANCE	100000		LUX	LUX	SIN	4091522
59ba24dd600ad42e00425bea	Q5114	DRAFT	100000	consol	LUX	LUX	LAX	4091522
59ba25a052ac17b4a82eb1ff	Q5115	DRAFT	100000	consol	LUX	LUX	LAX	4091522
59ba260952ac17b4a82eb200	Q5116	WAITING_FOR_ACCEPTANCE	225000	Test-1555	LUX	LUX	SIN	4091522
59ba264952ac17b4a82eb201	Q5117	DRAFT	321000	misc	LUX	LUX	SIN	4091522
59ba268f600ad42e00425bed	Q5118	DRAFT	100000	consol	LUX	LUX	LAX	4091522
59ba276a52ac17b4a82eb203	Q5119	DRAFT	100000	consol	LUX	LUX	LAX	4091522
59ba279f600ad42e00425bee	Q5120	DRAFT	100000	consol	LUX	LUX	LAX	4091522
59ba284c600ad42e00425bef	Q5121	DRAFT	100000	consol	LUX	LUX	LAX	4091522
59ba292d52ac17b4a82eb205	Q5122	DRAFT	150000	consol	LUX	LUX	LAX	4091522
59ba293352ac17b4a82eb206	Q5123	WAITING_FOR_REVIEW	100000		LUX	LUX	LAX	ABC
59ba2994600ad42e00425bf1	Q5124	DRAFT	150000	consol	LUX	LUX	LAX	4091522
59ba29a3600ad42e00425bf2	Q5125	REFUSED	432000	Test-1555	LUX	LUX	SIN	4091522
59ba2c27600ad42e00425bf3	Q5126	DRAFT	150000	consol	LUX	LUX	LAX	4091522
59ba2c9f52ac17b4a82eb207	Q5127	DRAFT	150000	consol	LUX	LUX	LAX	4091522
59ba2cad600ad42e00425bf4	Q5128	WAITING_FOR_ACCEPTANCE	154000		LUX	LUX	SIN	4091522
59ba2d7d52ac17b4a82eb208	Q5129	WAITING_FOR_ACCEPTANCE	154000		LUX	LUX	SIN	4091522
59ba2da9600ad42e00425bf7	Q5130	DRAFT	150000	consol	LUX	LUX	LAX	4091522
59ba2e6152ac17b4a82eb209	Q5131	WAITING_FOR_ACCEPTANCE	100000		LUX	LUX	SIN	4091522
59ba2e8f52ac17b4a82eb20a	Q5132	DRAFT	150000	consol	LUX	LUX	LAX	4091522
59ba2f1e600ad42e00425bf8	Q5133	DRAFT	150000	consol	LUX	LUX	LAX	4091522
59ba31ff52ac17b4a82eb20d	Q5134	DRAFT	1850000		LUX	AAB	LAX	AKL
59ba327552ac17b4a82eb20e	Q5135	DRAFT	112000		LUX	AMS	SIN	4091522
59ba3328600ad42e00425bf9	Q5136	DRAFT	100000		LUX	AMS	SIN	4091522
59ba33e6600ad42e00425bfa	Q5137	ACCEPTED	350000	qts-1564 ec2	LUX	LUX	LAX	4091522
59ba352552ac17b4a82eb211	Q5138	DRAFT	112000		LUX	AMS	SIN	4091522
59ba3562600ad42e00425bfb	Q5139	DRAFT	1000000		LUX	LUX	VCP	4091522
59ba35ff600ad42e00425bfc	Q5140	DRAFT	112000		LUX	AMS	SIN	4091522
59ba408f52ac17b4a82eb212	Q5141	DRAFT	150000	consol	LUX	LUX	LAX	4091522
59ba40f552ac17b4a82eb213	Q5142	DRAFT	150000	consol	LUX	LUX	LAX	4091522
59ba41e0600ad45a737943d9	Q5143	DRAFT	150000	consol	LUX	LUX	LAX	4091522
59ba44d3600ad45a737943da	Q5144	DRAFT	100000		LUX	LUX	LAX	ABC
59ba462752ac17d4875af19c	Q5145	DRAFT	100000	consol	LUX	LUX	LAX	4091522
59ba46cf52ac17d4875af19d	Q5146	DRAFT	100000	consol	LUX	LUX	LAX	4091522
59ba473752ac17d4875af19e	Q5147	DRAFT	100000	consol	LUX	LUX	LAX	4091522
59ba4789600ad45a737943dc	Q5148	DRAFT	100000	consol	LUX	LUX	LAX	4091522
59ba47d052ac17d4875af19f	Q5149	DRAFT	100000	consol	LUX	LUX	LAX	4091522
59ba482e52ac17d4875af1a0	Q5150	DRAFT	100000	consol	LUX	LUX	LAX	4091522
59ba4f0952ac17d4875af1a1	Q5151	DRAFT	112000		LUX	AMS	SIN	4091522
59ba4f7652ac17d4875af1a2	Q5152	DRAFT	112000		LUX	AMS	SIN	4091522
59ba506f600ad45a737943dd	Q5153	ACCEPTED	112000		LUX	AMS	SIN	4091522
59ba51cc600ad45a737943df	Q5154	DRAFT	112000		LUX	AMS	SIN	4091522
59ba51fc600ad45a737943e0	Q5155	DRAFT	100000		LUX	LUX	VCP	4091522
59ba64a852ac17d4875af1a5	Q5156	DRAFT	100000	consol	LUX	LUX	LAX	4091522
59ba64ed600ad45a737943e2	Q5157	DRAFT	100000		LUX	LUX	SIN	4091522
59ba656f52ac17d4875af1a6	Q5158	SENT_FOR_ACCEPTANCE	100000		LUX	LUX	SIN	4091522
59ba65be52ac17d4875af1a7	Q5159	SENT_FOR_ACCEPTANCE	100000		LUX	LUX	SIN	4091522
59ba65ee52ac17d4875af1a8	Q5160	DRAFT	100000	consol	LUX	LUX	LAX	4091522
59ba66f2600ad45a737943e5	Q5161	DRAFT	100000	consol	LUX	LUX	LAX	4091522
59ba678c52ac17d4875af1a9	Q5162	DRAFT	112000		LUX	AMS	SIN	4091522
59ba67e752ac17d4875af1aa	Q5163	DRAFT	100000	consol	LUX	LUX	LAX	4091522
59ba67ff600ad45a737943e6	Q5164	DRAFT	100000		LUX	LUX	VCP	4091522
59ba6836600ad45a737943e7	Q5165	DRAFT	100000		LUX	LUX	VCP	4091522
59ba6849600ad45a737943e8	Q5166	DRAFT	100000	consol	LUX	LUX	LAX	4091522
59ba68a852ac17d4875af1ab	Q5167	DRAFT	100000		LUX	LUX	VCP	4091522
59ba690152ac17d4875af1ac	Q5168	DRAFT	100000		LUX	LUX	VCP	4091522
59ba6dba52ac17d4875af1ad	Q5169	DRAFT	100000		LUX	AMS	SIN	4091522
59ba732252ac17d4875af1ae	Q5170	WAITING_FOR_REVIEW	100000		LUX	LUX	SIN	4091522
59ba77e1600ad45a737943e9	Q5171	DRAFT	100000	consol	LUX	LUX	LAX	4091522
59ba7a78600ad45a737943ea	Q5172	SENT_FOR_ACCEPTANCE	100000	consol	LUX	LUX	LAX	4091522
59ba7b2e600ad45a737943ec	Q5173	DRAFT	100000	consol	LUX	LUX	LAX	4091522
59ba7bcb52ac17d4875af1b0	Q5174	SENT_FOR_ACCEPTANCE	100000	consol	LUX	LUX	LAX	4091522
59ba7c9452ac17d4875af1b1	Q5175	DRAFT	100000	consol	LUX	LUX	LAX	4091522
59ba7d2152ac1799d185c43c	Q5176	DRAFT	100000	consol	LUX	LUX	LAX	4091522
59ba7d9452ac1799d185c43d	Q5177	DRAFT	100000	consol	LUX	LUX	LAX	4091522
59ba7e0f600ad42048d2531d	Q5178	DRAFT	100000	consol	LUX	LUX	LAX	4091522
59ba830e52ac1799d185c43e	Q5179	DRAFT	6554000		LUX	LUX	VCP	4091522
59ba840e52ac1799d185c43f	Q5180	DRAFT	100000	consol	LUX	LUX	LAX	4091522
59ba8580600ad42048d2531e	Q5181	DRAFT	100000	consol	LUX	LUX	LAX	4091522
59ba860752ac1799d185c440	Q5182	DRAFT	100000	consol	LUX	LUX	LAX	4091522
59ba9af252ac1799d185c441	Q5183	DRAFT	150000	consol	LUX	LUX	LAX	4091522
59ba9bea52ac1799d185c442	Q5184	DRAFT	150000	CONSOL	LUX	LUX	LAX	4091522
59bb3fb452ac1799d185c443	Q5185	DRAFT	112000		LUX	AMS	SIN	4091522
59bb401c600ad42048d25320	Q5186	DRAFT	112000		LUX	AMS	SIN	4091522
59bb403a600ad42048d25321	Q5187	WAITING_FOR_REVIEW	112000		LUX	AMS	SIN	4091522
59bb408252ac1799d185c444	Q5188	REJECTED	112000		LUX	AMS	SIN	4091522
59bb40ab52ac1799d185c445	Q5189	REJECTED	112000		LUX	AMS	SIN	4091522
59bb411252ac1799d185c446	Q5190	ACCEPTED	112000		LUX	AMS	SIN	4091522
59bb412652ac1799d185c447	Q5191	ACCEPTED	112000		LUX	AMS	SIN	4091522
59bb413f52ac1799d185c448	Q5192	REFUSED	112000		LUX	AMS	SIN	4091522
59bb415352ac1799d185c449	Q5193	REFUSED	112000		LUX	AMS	SIN	4091522
59bb4171600ad42048d25326	Q5194	DRAFT	100000	consol	LUX	LUX	LAX	4091522
59bb46af52ac1799d185c44a	Q5195	ACCEPTED	100000		LUX	LUX	SIN	4091522
59bb54c2600ad42048d25328	Q5196	DRAFT	100000		LUX	LUX	SIN	4091522
59bb5d6a600ad42048d25329	Q5197	ACCEPTED	100000		LUX	LUX	SIN	4091522
59bb66fd600ad42048d2532a	Q5198	DRAFT	100000	consol	LUX	LUX	LAX	4091522
59bb679b600ad42048d2532b	Q5199	DRAFT	100000	consol	LUX	LUX	LAX	4091522
59bb694a52ac1799d185c44c	Q5200	ACCEPTED	100000		LUX	LUX	SIN	4091522
59bb6994600ad42048d2532d	Q5201	ACCEPTED	100000		LUX	LUX	SIN	4091522
59bb6aa5600ad42048d2532e	Q5202	ACCEPTED	100000		LUX	LUX	SIN	4091522
59bb6b1952ac1799d185c44f	Q5203	WAITING_FOR_REVIEW	100000	consol	LUX	LUX	LAX	4091522
59bb6c8852ac1799d185c450	Q5204	DRAFT	100000	consol	LUX	LUX	LAX	4091522
59bb6cee600ad42048d2532f	Q5205	DRAFT	100000	consol	LUX	LUX	LAX	4091522
59bb7e6c52ac1799d185c451	Q5206	DRAFT	100000		LUX	LUX	SIN	4091522
59bb7eb052ac1799d185c452	Q5207	DRAFT	120000		LUX	LUX	VCP	4091522
59bb7ec9600ad42048d25330	Q5208	DRAFT	150000		LUX	LUX	VCP	4091522
59bb82f152ac1799d185c453	Q5209	SENT_FOR_ACCEPTANCE	100000		LUX	LUX	SIN	4091522
59bb843152ac1799d185c454	Q5210	DRAFT	100100		LUX	LUX	VCP	4091522
59bb8e3a52ac1799d185c459	Q5211	DRAFT	4525000		LUX	VCP	LUX	4091522
59bba07f52ac1799d185c45b	Q5212	SENT_FOR_ACCEPTANCE	123000		LUX	LUX	SIN	4091522
59bba37c600ad42048d25337	Q5213	DRAFT	123000		LUX	LUX	SIN	4091522
59bba51a600ad42048d25338	Q5214	DRAFT	100000		LUX	LUX	SIN	4091522
59bbbfd9600ad42048d2533b	Q5215	DRAFT	111000		LUX	LUX	SIN	4091522
59bf692b600ad42048d2533c	Q5216	DRAFT	100000	Consol	LUX	LUX	LAX	4091522
59bf6d13600ad42048d2533d	Q5217	SENT_FOR_ACCEPTANCE	1000		LUX	LUX	LAX	ABC
59bf6de452ac1799d185c463	Q5218	SENT_FOR_ACCEPTANCE	111000		LUX	AMS	LAX	4091522
59bf6ef852ac1799d185c465	Q5219	DRAFT	100000	CONSOL	LUX	LUX	LAX	4091522
59bf7095600ad42048d2533f	Q5220	DRAFT	100000	CONSOL	LUX	LUX	LAX	4091522
59bf777052ac1799d185c467	Q5221	DRAFT	100000	Consol	LUX	LUX	LAX	4091522
59bf77a152ac1799d185c468	Q5222	ACCEPTED	112000		LUX	AMS	SIN	4091522
59bf78e2600ad42048d25340	Q5223	ACCEPTED	112000		LUX	AMS	SIN	4091522
59bf879852ac1799d185c46c	Q5224	DRAFT	112000		LUX	AMS	SIN	4091522
59bf9336600ad42048d25342	Q5225	WAITING_FOR_REVIEW	4500000	TEST	LUX	DUS	GYD	4091522
59bf985a600ad42048d25343	Q5226	DRAFT	4500000	TEST	LUX	FRA	GYD	4091522
59bf9a6652ac1799d185c46e	Q5227	ACCEPTED	1100000		LUX	FRA	DXB	4091522
59bfb35c600ad42048d25344	Q5228	ACCEPTED	20000	consol	LUX	LUX	LAX	4091522
59bfb3b652ac1799d185c46f	Q5229	WAITING_FOR_ACCEPTANCE	20000	consol	LUX	LUX	LAX	4091522
59bfb400600ad42048d25346	Q5230	ACCEPTED	20000	consol	LUX	LUX	LAX	4091522
59bfb4d752ac1799d185c472	Q5231	ACCEPTED	350000	TEST	LUX	FRA	GYD	4091522
59bfb577600ad42048d25348	Q5232	ACCEPTED	1500000		LUX	LUX	LAX	4091522
59bfb6ed52ac1799d185c474	Q5233	ACCEPTED	20000	consol	LUX	LUX	LAX	4091522
59bfbbf1600ad42048d2534c	Q5234	WAITING_FOR_ACCEPTANCE	350000	TEST again	LUX	FRA	GYD	4091522
59bfd18852ac1799d185c477	Q5235	DRAFT	100000	consol	LUX	LUX	LAX	4091522
59bfd2f052ac1799d185c478	Q5236	DRAFT	100000	consol	LUX	LUX	LAX	4091522
59bfd3aa52ac1799d185c479	Q5237	DRAFT	100000	consol	LUX	LUX	LAX	4091522
59bfd42b52ac1799d185c47a	Q5238	DRAFT	100000	consol	LUX	LUX	LAX	4091522
59bfd559600ad42048d2534e	Q5239	DRAFT	100000	consol	LUX	LUX	LAX	4091522
59bfd62f52ac1799d185c47b	Q5240	DRAFT	100000	consol	LUX	LUX	LAX	4091522
59bfe564600ad42048d2534f	Q5241	DRAFT	1500000	TEST	LUX	LUX	VCP	4091522
59c08aae600ad42048d25351	Q5242	WAITING_FOR_REVIEW	200000		LUX	LUX	LAX	4091522
59c08ebc52ac1799d185c47e	Q5243	REJECTED	100000	consol	LUX	LUX	LAX	4091522
59c08f79600ad42048d25352	Q5244	DRAFT	100000	consol	LUX	LUX	LAX	4091522
59c09830600ad42048d25353	Q5245	DRAFT	100000	consol	LUX	LUX	LAX	4091522
59c09921600ad42048d25354	Q5246	DRAFT	100000	consol	LUX	LUX	LAX	4091522
59c099b1600ad42048d25355	Q5247	REJECTED	100000	consol	LUX	LUX	LAX	4091522
59c0b884600ad42048d25356	Q5248	DRAFT	100000		LUX	LUX	SIN	4091522
59c0c4c7600ad42048d25357	Q5249	SENT_FOR_ACCEPTANCE	100000		LUX	LUX	SIN	4091522
59c0cbc052ac1799d185c481	Q5250	WAITING_FOR_ACCEPTANCE	100000		LUX	AMS	LAX	4091522
59c0cc85600ad42048d25359	Q5251	WAITING_FOR_REVIEW	200000		LUX	LUX	LAX	4091522
59c0cd56600ad42048d2535a	Q5252	WAITING_FOR_REVIEW	200000		LUX	LUX	LAX	4091522
59c0cd87600ad42048d2535b	Q5253	DRAFT	4525000	TEST	LUX	CDG	SAO	4091522
59c0cdfa600ad42048d2535c	Q5254	WAITING_FOR_REVIEW	200000		LUX	LUX	LAX	4091522
59c0cee5600ad42048d2535d	Q5255	SENT_FOR_ACCEPTANCE	100000		LUX	LUX	SIN	4091522
59c0cf2f600ad42048d2535e	Q5256	SENT_FOR_ACCEPTANCE	100000		LUX	LUX	SIN	4091522
59c0cf5f52ac1799d185c486	Q5257	SENT_FOR_ACCEPTANCE	100000		LUX	LUX	SIN	4091522
59c0cfec600ad42048d25361	Q5258	SENT_FOR_ACCEPTANCE	100000		LUX	LUX	SIN	4091522
59c0d05752ac1799d185c489	Q5259	DRAFT	210000		LUX	LUX	SIN	4091522
59c0d074a63f3035a071ae6e	Q5260	NEW	100000		LUX	LUX	SIN	4091522
59c0d143600ad42048d25362	Q5261	DRAFT	100000	consol	LUX	LUX	LAX	4091522
59c0d36652ac1799d185c48a	Q5262	DRAFT	100000	consol	LUX	LUX	LAX	4091522
59c0d39a600ad42048d25363	Q5263	DRAFT	200000		LUX	LUX	LAX	4091522
59c0d4f252ac1799d185c48b	Q5264	DRAFT	200000		LUX	LUX	LAX	4091522
59c0d542600ad42048d25364	Q5265	DRAFT	200000		LUX	LUX	LAX	4091522
59c0d59a600ad42048d25365	Q5266	DRAFT	200000		LUX	LUX	LAX	4091522
59c0d66752ac1799d185c48c	Q5267	DRAFT	200000		LUX	LUX	LAX	4091522
59c0d6bf52ac1799d185c48d	Q5268	DRAFT	200000		LUX	LUX	LAX	4091522
59c0d83c600ad42048d25366	Q5269	DRAFT	100000	consol	LUX	LUX	LAX	4091522
59c0d88d600ad42048d25367	Q5270	DRAFT	100000	consol	LUX	LUX	LAX	4091522
59c0d8f7600ad42048d25368	Q5271	DRAFT	100000	consol	LUX	LUX	LAX	4091522
59c0d95c52ac1799d185c48e	Q5272	WAITING_FOR_REVIEW	100000	consol	LUX	LUX	LAX	4091522
59c0da23600ad42048d25369	Q5273	DRAFT	200000		LUX	LUX	LAX	4091522
59c0da9552ac1799d185c48f	Q5274	DRAFT	200000		LUX	LUX	LAX	4091522
59c0db19600ad42048d2536a	Q5275	DRAFT	200000		LUX	LUX	LAX	4091522
59c0dcbf52ac1799d185c490	Q5276	WAITING_FOR_REVIEW	10001000		LUX	LUX	LAX	4091522
59c0ddec600ad42048d2536b	Q5277	WAITING_FOR_REVIEW	10001000		LUX	LUX	LAX	4091522
59c0df3ea63f30313cd6b79a	Q5278	NEW	100000		LUX	LUX	LAX	4091522
59c0e094600ad4c89cc20fde	Q5279	CLOSED	112000		LUX	LUX	SIN	4091522
59c0e257a63f303774e53300	Q5280	NEW	100000		LUX	LUX	LAX	4091522
59c0e2b7a63f303774e53301	Q5281	NEW	100000		LUX	LUX	LAX	4091522
59c0e31a600ad4c89cc20fdf	Q5282	DRAFT	100000		LUX	LUX	LAX	4091522
59c0e745600ad4c89cc20fe0	Q5283	WAITING_FOR_REVIEW	10001000		LUX	LUX	LAX	4091522
59c0e89652ac17329e56ba66	Q5284	REJECTED	10001000		LUX	LUX	LAX	4091522
59c0e92152ac17329e56ba67	Q5285	DRAFT	200000		LUX	LUX	LAX	4091522
59c0ea19600ad4c89cc20fe1	Q5286	SENT_FOR_ACCEPTANCE	150000		LUX	LUX	LAX	4091522
59c0eac7600ad4c89cc20fe2	Q5287	SENT_FOR_ACCEPTANCE	150000		LUX	LUX	LAX	4091522
59c0eb65600ad4c89cc20fe3	Q5288	DRAFT	200000		LUX	LUX	LAX	4091522
59c0ebe152ac17329e56ba6a	Q5289	DRAFT	200000		LUX	LUX	LAX	4091522
59c0ecda600ad4c89cc20fe4	Q5290	DRAFT	200000		LUX	LUX	LAX	4091522
59c0ed4052ac17329e56ba6b	Q5291	DRAFT	200000		LUX	LUX	LAX	4091522
59c0ef9e600ad4c89cc20fe5	Q5292	DRAFT	100000	consol	LUX	LUX	LAX	4091522
59c0f02952ac17329e56ba6c	Q5293	DRAFT	100000	consol	LUX	LUX	LAX	4091522
59c0f1de600ad4c89cc20fe6	Q5294	DRAFT	100000	consol	LUX	LUX	LAX	4091522
59c0f22e600ad4c89cc20fe7	Q5295	DRAFT	100000	consol	LUX	LUX	LAX	4091522
59c0f2aa52ac17329e56ba6d	Q5296	DRAFT	100000	consol	LUX	LUX	LAX	4091522
59c0f33c600ad4c89cc20fe8	Q5297	WAITING_FOR_REVIEW	100000	consol	LUX	LUX	LAX	4091522
59c0f3ab52ac17329e56ba6e	Q5298	WAITING_FOR_REVIEW	100000	consol	LUX	LUX	LAX	4091522
59c0f3b5600ad4c89cc20fe9	Q5299	DRAFT	200000		LUX	LUX	LAX	4091522
59c0f502600ad4c89cc20fea	Q5300	WAITING_FOR_REVIEW	100000	consol	LUX	LUX	LAX	4091522
59c0f56a52ac17329e56ba6f	Q5301	SENT_FOR_ACCEPTANCE	100000	consol	LUX	LUX	LAX	4091522
59c0f87352ac17329e56ba70	Q5302	DRAFT	100000	consol	LUX	LUX	LAX	4091522
59c0fa5852ac17329e56ba71	Q5303	WAITING_FOR_REVIEW	100000	consol	LUX	LUX	LAX	4091522
59c10092a63f302648ef74c0	Q5304	APPROVED	100000		LUX	LUX	SIN	4091522
59c102bf52ac17329e56ba72	Q5305	DRAFT	100000		LUX	LUX	SIN	4091522
59c10f4aa63f302c60d03e7a	Q5306	SENT_FOR_ACCEPTANCE	100000		LUX	LUX	SIN	4091522
59c10fa552ac17329e56ba73	Q5307	DRAFT	100000		LUX	LUX	SIN	4091522
59c112e352ac17329e56ba75	Q5308	SENT_FOR_ACCEPTANCE	100000		LUX	LUX	SIN	4091522
59c1184a600ad4c89cc20fef	Q5309	ACCEPTED	15250000		LUX	LUX	LAX	4091522
59c13046600ad4c89cc20ff1	Q5310	DRAFT	20000		LUX	AMS	LAX	4091522
59c132df600ad4c89cc20ff2	Q5311	ACCEPTED	20000		LUX	AMS	LAX	4091522
59c13bcd600ad4c89cc20ff3	Q5312	WAITING_FOR_ACCEPTANCE	2550500	TEST	LUX	LUX	VCP	4091522
59c13f7152ac17329e56ba79	Q5313	REJECTED	1500200		LUX	LUX	LAX	4091522
59c1f106600ad4c89cc20ff5	Q5314	DRAFT	100000	consol	LUX	LUX	LAX	4091522
59c1f1e6600ad4c89cc20ff6	Q5315	DRAFT	200000		LUX	LUX	LAX	4091522
59c1f24452ac17329e56ba7a	Q5316	DRAFT	200000		LUX	LUX	LAX	4091522
59c1f29f52ac17329e56ba7b	Q5317	SENT_FOR_ACCEPTANCE	100000	consol	LUX	LUX	LAX	4091522
59c1f49652ac17329e56ba7c	Q5318	DRAFT	100000	consol	LUX	LUX	LAX	4091522
59c1f615600ad4c89cc20ff7	Q5319	DRAFT	200000		LUX	LUX	LAX	4091522
59c1f6de600ad4c89cc20ff8	Q5320	DRAFT	200000		LUX	LUX	LAX	4091522
59c1f735600ad4c89cc20ff9	Q5321	REJECTED	200000		LUX	LUX	LAX	4091522
59c212b3600ad4c89cc20ffe	Q5322	DRAFT	200000		LUX	LUX	LAX	4091522
59c213b052ac17329e56ba84	Q5323	DRAFT	250000		LUX	LUX	LAX	4091522
59c22b7f600ad4e4ad580dca	Q5324	DRAFT	1500000		LUX	LUX	LAX	4091522
59c23394600ad4f5e22bb648	Q5325	SENT_FOR_ACCEPTANCE	354500	TEST	LUX	LUX	VCP	4091522
59c2351f600ad4f5e22bb64a	Q5326	DRAFT	354500	TEST	LUX	LUX	VCP	4091522
59c2354e600ad4f5e22bb64b	Q5327	DRAFT	100000	TEST	LUX	LUX	VCP	4091522
59c23648600ad4f5e22bb64c	Q5328	DRAFT	354500	TEST	LUX	LUX	VCP	4091522
59c236a2600ad4f5e22bb64d	Q5329	DRAFT	354500	TEST	LUX	LUX	VCP	4091522
59c2373052ac175525da5253	Q5330	DRAFT	354500	TEST	LUX	LUX	VCP	4091522
59c23a03600ad4f5e22bb64e	Q5331	DRAFT	100000		LUX	LUX	HKG	4091522
59c23a99600ad4f5e22bb64f	Q5332	DRAFT	100000		LUX	LUX	HKG	4091522
59c23da3600ad4f5e22bb650	Q5333	DRAFT	4500000		LUX	LUX	LAX	4091522
59c23e72600ad4f5e22bb651	Q5334	DRAFT	4500000		LUX	LUX	LAX	4091522
59c23f2b600ad4f5e22bb652	Q5335	DRAFT	100000		LUX	LUX	LAX	4091522
59c23f5b600ad4f5e22bb653	Q5336	DRAFT	100000		LUX	LUX	LAX	4091522
59c23fa9600ad4f5e22bb654	Q5337	DRAFT	100000		LUX	LUX	LAX	4091522
59c2408f600ad4f5e22bb655	Q5338	DRAFT	100000		LUX	LUX	LAX	4091522
59c240b9600ad4f5e22bb656	Q5339	DRAFT	100000		LUX	LUX	LAX	4091522
59c2410552ac175525da5254	Q5340	DRAFT	100000		LUX	LUX	LAX	4091522
59c24113600ad4f5e22bb657	Q5341	DRAFT	100000		LUX	LUX	LAX	4091522
59c241b152ac175525da5255	Q5342	DRAFT	100000		LUX	LUX	LAX	4091522
59c241f6600ad4f5e22bb658	Q5343	DRAFT	100000		LUX	LUX	LAX	4091522
59c24260600ad4f5e22bb659	Q5344	DRAFT	100000	consol	LUX	LUX	LAX	4091522
59c24379600ad4f5e22bb65c	Q5345	WAITING_FOR_ACCEPTANCE	250000		LUX	AMS	LAX	1230012
59c243e052ac175525da5258	Q5346	REJECTED	100000	consol	LUX	LUX	LAX	4091522
59c2526a52ac175525da5259	Q5347	WAITING_FOR_REVIEW	100000		LUX	LUX	SIN	4091522
59c2557f600ad4f5e22bb660	Q5348	DRAFT	4500000		LUX	LUX	LAX	4091522
59c2561352ac175525da525a	Q5349	DRAFT	4500000		LUX	LUX	LAX	4091522
59c25683600ad4f5e22bb661	Q5350	DRAFT	4500000		LUX	LUX	LAX	4091522
59c25710600ad4f5e22bb662	Q5351	DRAFT	10000000		LUX	AMS	LAX	4091522
59c25c1252ac175525da525c	Q5352	DRAFT	150000		LUX	LUX	LAX	ABC
59c25f8a600ad4f5e22bb666	Q5353	REFUSED	150000		LUX	LUX	LAX	ABC
59c26313600ad4f5e22bb66a	Q5354	ACCEPTED	150000	TEST	LUX	LUX	VCP	4091522
59c267f252ac175525da526d	Q5355	ACCEPTED	4550000		LUX	LUX	LAX	4091522
59c267f452ac175525da526e	Q5356	ACCEPTED	4550000		LUX	LUX	LAX	4091522
59c26c23600ad4f5e22bb674	Q5357	WAITING_FOR_ACCEPTANCE	4550000		LUX	LUX	LAX	4091522
